{"cameraMode":{"drawMode":0,"name":"Shaded","section":"Shading Mode"},"sceneLighting":true,"audioPlay":false,"sceneViewState":{"showFog":true,"showMaterialUpdate":false,"showSkybox":true,"showFlares":true,"showImageEffects":true,"showParticleSystems":true,"showVisualEffectGraphs":true,"m_FxEnabled":true},"in2DMode":false,"pivot":{"x":0.8883335590362549,"y":0.3320183753967285,"z":0.46695560216903689},"rotation":{"x":-0.019514886662364007,"y":-0.8907696008682251,"z":0.45226922631263735,"w":-0.03853502869606018},"size":3.2598073482513429,"orthographic":false}